{"accuracy": 0.9994047619047619, "avg_confidence": 0.9994560704344795}