{"reports/metrics.json": {"training_loss_step": {"old": 0.16088390350341797, "new": 0.16088390350341797, "diff": 0.0}, "step": {"old": 2519, "new": 2519, "diff": 0}, "epoch": {"old": 2, "new": 2, "diff": 0}, "training_loss_epoch": {"old": 0.005981852766126394, "new": 0.005981852766126394, "diff": 0.0}, "training_acc_step": {"old": 0.9375, "new": 0.9375, "diff": 0.0}, "valid_acc": {"old": 0.9997023940086365, "new": 0.9997023940086365, "diff": 0.0}, "training_acc_epoch": {"old": 0.9992559552192688, "new": 0.9992559552192688, "diff": 0.0}, "valid_loss": {"old": 0.001348411082290113, "new": 0.001348411082290113, "diff": 0.0}}}
