{
    "training_acc_step": 1.0,
    "training_loss_step": 0.02023838646709919,
    "epoch": 11,
    "step": 1319,
    "valid_acc": 0.9752857089042664,
    "valid_loss": 0.08397988975048065,
    "training_acc_epoch": 0.9980000257492065,
    "training_loss_epoch": 0.024952640756964684
}
