{
    "training_acc_step": 1.0,
    "training_loss_step": 0.00024763320107012987,
    "epoch": 4,
    "step": 2624,
    "valid_acc": 0.9998809695243835,
    "valid_loss": 0.000578872743062675,
    "training_acc_epoch": 0.9996428489685059,
    "training_loss_epoch": 0.001488919253461063
}
