step	training_loss_epoch
262	1.395947813987732
525	0.23750390112400055
788	0.059931229799985886
1051	0.01831655390560627
1314	0.008027320727705956
1577	0.004061114974319935
1840	0.002243927912786603
2103	0.0015138399321585894
