step	training_acc_epoch
218	0.5700713992118835
437	0.9616071581840515
656	0.9919642806053162
875	0.9983928799629211
1094	0.9995714426040649
1313	0.9998214244842529
1532	0.9998571276664734
1751	0.9998928308486938
1970	0.9999642968177795
2189	1.0
2408	1.0
2627	1.0
2846	1.0
3065	1.0
3284	1.0
3503	1.0
3722	1.0
3941	1.0
4160	1.0
4379	1.0
