step	training_acc_epoch
524	0.8738690614700317
1049	0.9988988041877747
1574	0.9995535612106323
2099	0.99979168176651
2624	0.9996428489685059
