step	training_f1
262	0.581250011920929
525	0.9350595474243164
788	0.9880357384681702
1051	0.9971428513526917
1314	0.9989880919456482
1577	0.9998809695243835
1840	1.0
2103	1.0
