step	training_acc_epoch
262	0.6089285612106323
525	0.9868452548980713
788	0.9976190328598022
1051	0.9996725916862488
1314	0.9999404549598694
1577	1.0
1840	1.0
2103	1.0
2366	1.0
2629	1.0
2892	1.0
3155	1.0
3418	1.0
3681	1.0
3944	1.0
4207	1.0
4470	1.0
4733	1.0
4996	1.0
5259	1.0
