step	training_acc_epoch
109	0.13774999976158142
219	0.5468928813934326
329	0.8200713992118835
439	0.9122856855392456
549	0.9498571157455444
659	0.9685714244842529
769	0.9801785945892334
879	0.9876428842544556
989	0.9920714497566223
1099	0.9951785802841187
1209	0.9972142577171326
1319	0.9980000257492065
