step	training_loss_epoch
524	0.509649395942688
1049	0.008400076068937778
1574	0.003085996489971876
2099	0.0018917169654741883
2624	0.001488919253461063
