step	training_acc_step
49	0.1171875
99	0.24609375
149	0.5234375
199	0.64453125
249	0.8046875
299	0.84375
349	0.87890625
399	0.91796875
449	0.91796875
499	0.9453125
549	0.96875
599	0.95703125
649	0.98046875
699	0.9921875
749	0.98828125
799	1.0
849	0.9921875
899	0.9921875
949	0.9921875
999	0.99609375
1049	0.9921875
1099	1.0
1149	0.99609375
1199	1.0
1249	0.99609375
1299	1.0
