step	training_acc_step
49	0.125
99	0.484375
149	0.765625
199	0.734375
249	0.875
299	0.90625
349	0.890625
399	0.90625
449	0.984375
499	0.953125
549	0.96875
599	1.0
649	0.953125
699	0.984375
749	1.0
799	1.0
849	1.0
899	1.0
949	1.0
999	1.0
1049	1.0
1099	1.0
1149	1.0
1199	1.0
1249	1.0
1299	1.0
1349	1.0
1399	1.0
1449	1.0
1499	1.0
1549	1.0
1599	1.0
1649	1.0
1699	1.0
1749	1.0
1799	1.0
1849	1.0
1899	1.0
1949	1.0
1999	1.0
2049	1.0
2099	1.0
