step	training_loss_epoch
109	2.5946407318115234
219	1.811324119567871
329	0.9381018280982971
439	0.4734363555908203
549	0.2735442817211151
659	0.1753566414117813
769	0.11935031414031982
879	0.08405392616987228
989	0.06039096415042877
1099	0.04411240667104721
1209	0.032855238765478134
1319	0.024952640756964684
