step	training_loss_epoch
839	0.4738973081111908
1679	0.015759093686938286
2519	0.005981852766126394
