step	training_acc_epoch
839	0.8863839507102966
1679	0.9974702596664429
2519	0.9992559552192688
